{"diameter":1.724208950996399,"speed":0.05000000074505806}