{"diameter":1.724208950996399,"height":2.0,"speed":0.05000000074505806}