{"diameter": 1.72420917525,"speed": 0.05000000074505806}