{"cameraMode":{"drawMode":0,"name":"Shaded","section":"Shading Mode"},"sceneLighting":false,"audioPlay":false,"sceneViewState":{"showFog":true,"showMaterialUpdate":true,"showSkybox":false,"showFlares":true,"showImageEffects":true,"showParticleSystems":true},"in2DMode":false,"pivot":{"x":1.3510935306549073,"y":-0.10436007380485535,"z":-0.02116558700799942},"rotation":{"x":0.0348830372095108,"y":-0.7083411812782288,"z":0.03509175404906273,"w":0.7041371464729309},"size":2.5010814666748049,"orthographic":false}