{"cameraMode":{"drawMode":0,"name":"Shaded","section":"Shading Mode"},"sceneLighting":false,"audioPlay":false,"sceneViewState":{"showFog":true,"showMaterialUpdate":true,"showSkybox":false,"showFlares":true,"showImageEffects":true,"showParticleSystems":true},"in2DMode":false,"pivot":{"x":-65.5418701171875,"y":-410.0620422363281,"z":300.4118957519531},"rotation":{"x":0.44521647691726687,"y":-0.09770005196332932,"z":0.0489681139588356,"w":0.8887712955474854},"size":527.7926025390625,"orthographic":false}