{"cameraMode":{"drawMode":0,"name":"Shaded","section":"Shading Mode"},"sceneLighting":true,"audioPlay":false,"sceneViewState":{"showFog":true,"showMaterialUpdate":true,"showSkybox":true,"showFlares":true,"showImageEffects":true,"showParticleSystems":true},"in2DMode":false,"pivot":{"x":7.079469680786133,"y":4.168651580810547,"z":-10.196321487426758},"rotation":{"x":0.10059671103954315,"y":-0.712527871131897,"z":0.10441058874130249,"w":0.6865006685256958},"size":51.93913650512695,"orthographic":false}