{"cameraMode":{"drawMode":0,"name":"Shaded","section":"Shading Mode"},"sceneLighting":true,"audioPlay":false,"sceneViewState":{"showFog":true,"showMaterialUpdate":true,"showSkybox":true,"showFlares":true,"showImageEffects":true,"showParticleSystems":true},"in2DMode":false,"pivot":{"x":-0.8510000705718994,"y":-0.40419721603393557,"z":-64.13360595703125},"rotation":{"x":-0.005425895098596811,"y":0.6903505325317383,"z":0.005177536979317665,"w":0.7234367728233337},"size":6.743998050689697,"orthographic":false}