{"cameraMode":{"drawMode":0,"name":"Shaded","section":"Shading Mode"},"sceneLighting":false,"audioPlay":false,"sceneViewState":{"showFog":true,"showMaterialUpdate":true,"showSkybox":false,"showFlares":true,"showImageEffects":true,"showParticleSystems":true},"in2DMode":false,"pivot":{"x":-0.8655661940574646,"y":-4.120824813842773,"z":0.14470769464969636},"rotation":{"x":0.44435983896255495,"y":-0.5500369668006897,"z":0.4443422555923462,"w":0.5500667095184326},"size":6.912199020385742,"orthographic":false}